name,album,artist,release_date,length,popularity,acousticness,danceability,energy,instrumentalness,liveness,loudness,speechiness,tempo,valence,time_signature,key,mode,uri,release_year,top_year,user,Id
"Prelude, Choral et Fugue: III. Poco allegro",Franck: Piano Works,César Franck,2006,74946,1,0.99,0.412,0.0772,0.928,0.106,-21.36,0.0306,62.403,0.0627,3,6,1,spotify:track:4WgySyCDKNXdS0tgBD9sUy,2006,2021,beta,C39
Message Man,Blurryface,Twenty One Pilots,2015-05-15,240080,64,0.0897,0.715,0.838,0.0,0.15,-6.077,0.118,120.007,0.497,4,2,0,spotify:track:4Oyl6oYSNeeZZP0OAxPVaU,2015,2021,beta,C51
Madagascar,PLANET GOLD,Sofiane Pamart,2021-01-08,138613,45,0.952,0.516,0.113,0.89,0.115,-19.322,0.0315,130.364,0.122,4,0,0,spotify:track:2Y3ZrRkfdnVaTodafpucY2,2021,2021,beta,C53
Le Caire,PLANET GOLD,Sofiane Pamart,2021-01-08,206880,50,0.969,0.223,0.13,0.917,0.109,-23.76,0.0606,74.787,0.139,4,7,0,spotify:track:5bbWnHNX55JJYgMhFwIQm7,2021,2021,beta,C66
Le temps est bon,Aller-retour,Bon Entendeur,2019-12-13,203160,65,0.237,0.573,0.679,6.82e-05,0.375,-5.693,0.079,98.085,0.583,4,3,1,spotify:track:2U5kSevItDmL0XzSDyemRp,2019,2021,beta,C84
River (feat. Parson James),River (feat. Parson James),The Knocks,2021-10-22,210448,30,0.00937,0.679,0.784,0.0013,0.0912,-5.514,0.0564,113.991,0.17,4,10,1,spotify:track:6OOkLUhFFnaj6l9LcPHzHN,2021,2021,beta,C89
This City,This City,Sam Fischer,2019-12-11,194853,78,0.733,0.605,0.377,0.0,0.0808,-6.213,0.0443,73.877,0.519,4,11,1,spotify:track:3H3r2nKWa3Yk5gt8xgmsEt,2019,2021,beta,C101
"Prélude, Fugue et Variation, Op. 18: I. Prelude",Franck: Piano Works,César Franck,2006,229689,16,0.996,0.413,0.00976,0.94,0.0743,-32.745,0.0391,64.112,0.236,4,11,0,spotify:track:0vkHCAZeWaZzN5Aswo3i2k,2006,2021,beta,C176
Doubt,Blurryface,Twenty One Pilots,2015-05-15,191493,71,0.121,0.719,0.645,0.00316,0.362,-6.141,0.0358,123.02,0.69,4,2,0,spotify:track:57yL3161hUMuw06zzzUCHi,2015,2021,beta,C234
5H,Noir,Yseult,2019-10-18,226680,39,0.0256,0.494,0.668,0.0,0.0817,-6.399,0.0443,99.104,0.475,4,11,0,spotify:track:141nlMCqr45W3DJ7B6QyyH,2019,2021,beta,C236
Radioactive,Night Visions (Deluxe),Imagine Dragons,2014-09-29,275506,44,0.0376,0.496,0.884,1.37e-06,0.44,-3.915,0.209,139.913,0.287,4,11,0,spotify:track:6nDAs3PRe37fgqLfx51lBB,2014,2021,beta,C273
"Prélude, Aria et Final: III. Final",Franck: Piano Works,César Franck,2006,437933,1,0.994,0.209,0.111,0.861,0.0888,-25.568,0.0356,79.657,0.0545,4,4,1,spotify:track:6P2UE9yhUzZJEUW23JO0BF,2006,2021,beta,C354
Bordel 1900,Di Meola Plays Piazzolla,Al Di Meola,2005-08-30,272773,14,0.872,0.369,0.433,0.864,0.215,-12.978,0.0305,146.29,0.582,4,9,0,spotify:track:7KFf4Ih4xBeA6bXvoWfxjr,2005,2021,beta,C380
Runaway (with Sigala & JP Cooper) - Weird Genius Remix,Runaway (with Sigala & JP Cooper) [Weird Genius Remix],R3HAB,2021-10-22,196221,22,0.0807,0.691,0.714,0.0,0.0938,-7.614,0.11,126.047,0.156,4,0,1,spotify:track:27sJihMCRFiaCkg7LceHav,2021,2021,beta,C470
Monaco,Aller-retour,Bon Entendeur,2019-12-13,271813,52,0.45,0.64,0.834,0.539,0.127,-8.141,0.0438,102.024,0.488,4,4,0,spotify:track:1MRgT5s2WgLCw71rRrsQYs,2019,2021,beta,C520
Ride,Blurryface,Twenty One Pilots,2015-05-15,214506,85,0.00835,0.645,0.713,0.0,0.113,-5.355,0.0393,74.989,0.566,4,6,1,spotify:track:2Z8WuEywRWYTKe1NybPQEW,2015,2021,beta,C541
Oblivion,Di Meola Plays Piazzolla,Al Di Meola,2005-08-30,363533,30,0.95,0.589,0.433,0.92,0.1,-13.265,0.0308,102.254,0.6,4,0,0,spotify:track:745ECNomCDA8KOMUM1sMdR,2005,2021,beta,C550
Il neige,Les bruits de la ville,Voyou,2019-02-15,264880,50,0.981,0.561,0.145,0.00049,0.0923,-15.151,0.0358,77.476,0.227,4,9,0,spotify:track:0zGQ0FAGQC6O8GFJzJwvof,2019,2021,beta,C576
Ha Long Bay,PLANET GOLD,Sofiane Pamart,2021-01-08,128840,46,0.947,0.13,0.211,0.91,0.105,-18.699,0.0449,72.242,0.108,4,5,0,spotify:track:4GZr04SP5NM8ekN3WOAVr9,2021,2021,beta,C587
"Swan Song - From the Motion Picture ""Alita: Battle Angel""","Swan Song (From the Motion Picture ""Alita: Battle Angel"")",Dua Lipa,2019-01-24,182074,61,0.00579,0.588,0.821,0.000275,0.208,-6.54,0.216,188.098,0.509,4,5,0,spotify:track:5600nq7TiBraBX2jobyJ3l,2019,2021,beta,C598
Goner,Blurryface,Twenty One Pilots,2015-05-15,236733,61,0.194,0.565,0.437,7.14e-06,0.0656,-7.68,0.0403,96.132,0.217,3,6,0,spotify:track:5P3yUXUC9rZPJPNmYGKEAz,2015,2021,beta,C605
Le temps de l'amour,Minuit,Bon Entendeur,2021-06-25,191453,0,0.144,0.599,0.739,0.0,0.274,-7.319,0.0461,119.029,0.439,4,8,0,spotify:track:0StkNMBnuzXqqVqpu7e8SE,2021,2021,beta,C663
Night Club 1960,Di Meola Plays Piazzolla,Al Di Meola,2005-08-30,349466,20,0.968,0.3,0.295,0.896,0.0978,-15.266,0.0337,69.087,0.231,4,4,0,spotify:track:7hct2qPCh6es11ImDr24ys,2005,2021,beta,C686
San Francisco,PLANET GOLD,Sofiane Pamart,2021-01-08,175474,45,0.964,0.559,0.0521,0.923,0.101,-22.96,0.0462,160.065,0.0353,4,0,1,spotify:track:6tuyF0lFVyMLFingbfmNCf,2021,2021,beta,C763
"""Was mir behagt, ist nur die muntre Jagd"" Cantata, BWV 208 - arr. Mary Howe for two pianos: 9. Schafe können sicher weiden",Bach,Johann Sebastian Bach,2019-09-27,255266,58,0.995,0.527,0.0325,0.882,0.113,-26.594,0.0359,111.15,0.187,4,10,1,spotify:track:4JWVkr5jUjylM3hMG5zvXw,2019,2021,beta,C771
Nagasaki,PLANET GOLD,Sofiane Pamart,2021-01-08,186680,45,0.987,0.345,0.0143,0.915,0.1,-26.385,0.0554,134.724,0.228,1,1,0,spotify:track:1qbVJTAoABKhHrYgKKRyZP,2021,2021,beta,C805
"Prélude, Fugue et Variation, Op. 18: II. Lento",Franck: Piano Works,César Franck,2006,71400,4,0.986,0.37,0.000545,0.902,0.0955,-31.408,0.069,140.241,0.0735,4,6,1,spotify:track:502JE3z3BtrGrxgBW6tpay,2006,2021,beta,C862
We Don't Believe What's on TV,Blurryface,Twenty One Pilots,2015-05-15,177200,65,0.23,0.547,0.936,3.04e-06,0.172,-4.023,0.102,120.003,0.642,4,9,1,spotify:track:22OqansuvEMQu9W0EfiGTI,2015,2021,beta,C1015
"Prelude, Choral et Fugue: IV. Fugue",Franck: Piano Works,César Franck,2006,419280,1,0.995,0.215,0.1,0.87,0.106,-22.618,0.0351,63.061,0.0383,4,6,1,spotify:track:0XNiMacBiQh7MKToSjJtk0,2006,2021,beta,C1016
Seoul,PLANET GOLD,Sofiane Pamart,2021-01-08,212066,49,0.957,0.474,0.241,0.858,0.0813,-14.975,0.0328,81.934,0.0379,1,1,1,spotify:track:3tgFSOcxRWvfeDnIIkhQiQ,2021,2021,beta,C1077
Alaska,PLANET GOLD,Sofiane Pamart,2021-01-08,239986,45,0.993,0.49,0.0586,0.925,0.112,-18.373,0.0387,134.003,0.233,4,4,0,spotify:track:4T2qJqE63K8AyMhEiIQ2w7,2021,2021,beta,C1126
Medellin,PLANET GOLD,Sofiane Pamart,2021-01-08,374933,47,0.955,0.268,0.216,0.933,0.11,-18.361,0.0385,100.556,0.0467,4,3,0,spotify:track:3JjwEBt2YTAjHGsWtrjnvV,2021,2021,beta,C1136
Si j'étais un homme,facile x fragile,Camélia Jordana,2021-01-29,353853,0,0.919,0.524,0.188,0.00198,0.115,-16.288,0.0296,97.967,0.0595,4,7,0,spotify:track:7fqXgJ55aPtgajBlNtsIez,2021,2021,beta,C1183
Not Today,Blurryface,Twenty One Pilots,2015-05-15,238040,61,0.0605,0.77,0.706,0.00182,0.0985,-4.705,0.0302,115.011,0.527,4,2,1,spotify:track:7qxjGHW485TL8ciwkHD5MK,2015,2021,beta,C1233
The Judge,Blurryface,Twenty One Pilots,2015-05-15,297760,65,0.177,0.423,0.797,0.0,0.137,-4.659,0.124,82.617,0.592,4,0,1,spotify:track:1lguQJjlNrIOoOylYVZN3M,2015,2021,beta,C1250
So Serious,Love Goes,Sam Smith,2020-10-30,172583,50,0.312,0.568,0.519,0.0,0.0858,-6.232,0.041,91.892,0.38,4,0,1,spotify:track:1nedyHXLtbomGOaa7BOwYl,2020,2021,beta,C1301
Rhapsody in Blue,Rhapsody in Blue,Adélaïde Ferrière,2020-12-04,1125720,0,0.976,0.455,0.134,0.913,0.117,-18.208,0.0637,129.198,0.0883,3,2,1,spotify:track:3iVhK4O6I34aZ6imJnRH4a,2020,2021,beta,C1311
Paris,PLANET GOLD,Sofiane Pamart,2021-01-08,212560,46,0.981,0.332,0.206,0.783,0.135,-19.725,0.0403,135.622,0.196,4,11,0,spotify:track:0tfyZ3gd3UdW8mM8HtDicz,2021,2021,beta,C1337
Carthage,PLANET GOLD,Sofiane Pamart,2021-01-08,162226,49,0.994,0.26,0.0757,0.936,0.0724,-22.745,0.0409,172.237,0.113,4,6,0,spotify:track:6zZ4CRh4SZuHax1uHCH0jt,2021,2021,beta,C1359
Berlin,PLANET GOLD,Sofiane Pamart,2021-01-08,146426,46,0.966,0.472,0.122,0.888,0.111,-20.342,0.0439,124.344,0.0608,4,6,0,spotify:track:5ZajCSvh7ZozUVuGAKmhCQ,2021,2021,beta,C1429
Alba (feat. Sofiane Pamart),Alba (feat. Sofiane Pamart),Bon Entendeur,2021-04-28,227573,41,0.548,0.525,0.674,0.912,0.11,-10.155,0.0322,93.996,0.0909,4,2,0,spotify:track:3DiHl8o1fNbO2dohrtcO4u,2021,2021,beta,C1471
Diciembre 2001 - Bonus Track,La Revancha del Tango (20th anniversary edition),Gotan Project,2021-10-22,217201,25,0.0496,0.716,0.89,0.41,0.235,-7.898,0.0501,120.001,0.368,4,7,1,spotify:track:3pe4B0dCkirow9gpJbgJoP,2021,2021,beta,C1561
Slow Up,Village,Jacob Banks,2018-11-02,297026,52,0.69,0.368,0.34,0.0163,0.101,-11.21,0.065,97.758,0.0455,4,0,1,spotify:track:5QZbCX2yKSFHPe7nCHGMam,2018,2021,beta,C1667
"Goldberg Variations, BWV 988: Aria","Bach: The Goldberg Variations, BWV 988 (1981 Gould Remaster)",Johann Sebastian Bach,1981,184853,67,0.995,0.454,0.0139,0.943,0.0736,-29.966,0.0514,130.253,0.244,4,4,0,spotify:track:5bu9A6uphPWg39RC3ZKeku,1981,2021,beta,C1705
Nara,PLANET GOLD,Sofiane Pamart,2021-01-08,131920,56,0.952,0.487,0.0994,0.911,0.095,-20.636,0.0384,65.395,0.0957,4,1,0,spotify:track:0scyQTSVzVYz9adJPVBnJa,2021,2021,beta,C1761
The Mad Lover Suite: Ground. Aire V,The Mad Lover,Thomas Dunford,2020-11-13,221880,41,0.936,0.301,0.0528,0.00102,0.213,-20.482,0.0433,173.668,0.194,1,4,0,spotify:track:4Uqpgm23gArRAtJZ8gSupH,2020,2021,beta,C1788
Planet,PLANET GOLD,Sofiane Pamart,2021-01-08,152160,44,0.987,0.537,0.0721,0.891,0.109,-22.165,0.0333,114.003,0.136,3,6,0,spotify:track:0TDZMU8xWTNznnFa35H8uU,2021,2021,beta,C1823
"Prelude, Choral et Fugue: II. Choral",Franck: Piano Works,César Franck,2006,285933,2,0.994,0.42,0.0564,0.881,0.132,-23.352,0.0374,99.905,0.0374,4,3,0,spotify:track:7yhcF2t5XKv9IAP9IxYX6o,2006,2021,beta,C1876
Tear in My Heart,Blurryface,Twenty One Pilots,2015-05-15,188493,78,0.0189,0.655,0.632,0.0,0.0722,-4.802,0.0489,120.113,0.447,4,2,1,spotify:track:3bnVBN67NBEzedqQuWrpP4,2015,2021,beta,C1916
Saturday,Scaled And Icy,Twenty One Pilots,2021-05-21,172232,66,0.00396,0.687,0.89,0.000939,0.0436,-5.99,0.0344,113.06,0.854,4,8,1,spotify:track:60dwJ8dnqZ4WrIdiu7LkNR,2021,2021,beta,C1955
Moins joli,Moins joli,Iliona,2021-01-15,179880,59,0.94,0.532,0.18,0.000263,0.258,-14.76,0.0466,92.404,0.131,4,9,0,spotify:track:2fgINBjLf7eCI3ky3n2gnS,2021,2021,beta,C1980
Duo de Aguas,Aguas,Omar Sosa,2018-10-05,190283,6,0.962,0.472,0.206,0.626,0.114,-15.894,0.0343,108.155,0.0564,3,2,0,spotify:track:4588Lv8bNyYg7e17rR5O5P,2018,2021,beta,C1993
If You Lie Down With Me,Blue Banisters,Lana Del Rey,2021-10-22,265186,67,0.913,0.641,0.346,3.99e-05,0.104,-9.508,0.036,122.101,0.187,4,0,1,spotify:track:1RPsOAaHaRu8JlVdeaciuL,2021,2021,beta,C2024
Polarize,Blurryface,Twenty One Pilots,2015-05-15,226786,64,0.122,0.597,0.666,0.00302,0.1,-6.365,0.0418,164.992,0.626,4,6,0,spotify:track:6GmkJJMe9U1tEcrJ3Hq3A1,2015,2021,beta,C2060
London,PLANET GOLD,Sofiane Pamart,2021-01-08,157160,45,0.976,0.328,0.108,0.885,0.108,-19.875,0.0349,105.568,0.0562,3,6,0,spotify:track:7pCsNOq9OOhRGv5pJobQ95,2021,2021,beta,C2155
"Prélude, Fugue et Variation, Op. 18: IV. Variation",Franck: Piano Works,César Franck,2006,243096,4,0.996,0.258,0.0156,0.864,0.0869,-33.598,0.0408,127.694,0.184,4,11,0,spotify:track:73ET6uYdKmlsJ5O23fHFwi,2006,2021,beta,C2235
Say You Won't Let Go,Back from the Edge,James Arthur,2016-10-28,211466,88,0.695,0.358,0.557,0.0,0.0902,-7.398,0.059,85.043,0.494,4,10,1,spotify:track:5uCax9HTNlzGybIStD3vDh,2016,2021,beta,C2257
Paroles paroles,Dalida By Ibrahim Maalouf,Ibrahim Maalouf,2017-11-17,246000,47,0.331,0.735,0.319,0.0,0.0907,-9.597,0.0443,115.048,0.592,4,5,0,spotify:track:4ZtZuAyotyXxdoXsN3XijS,2017,2021,beta,C2289
Life Support,In The Lonely Hour,Sam Smith,2014-05-26,173356,53,0.493,0.456,0.473,0.000338,0.136,-7.561,0.0352,119.886,0.216,4,4,0,spotify:track:4T2qnyKCo9UISjERbIeJQg,2014,2021,beta,C2311
Rhapsodie hongroise n°13 en la mineur,"Liszt: Rhapsodies hongroises, Rhapsodie roumaine",Franz Liszt,2011-01-01,575560,0,0.99,0.343,0.015,0.735,0.0974,-29.694,0.0494,71.477,0.0626,3,4,1,spotify:track:0VM2hQQqN79X1GidzLBBo6,2011,2021,beta,C2344
Reste,Reste,Iliona,2021-01-15,169044,48,0.898,0.644,0.211,0.097,0.0757,-13.966,0.0394,140.058,0.407,4,0,1,spotify:track:1eGY0qKwOAsJ9Yzj2qlZYR,2021,2021,beta,C2363
I Love To Love,Minuit,Bon Entendeur,2021-06-25,180653,0,0.0213,0.54,0.768,0.0318,0.163,-7.443,0.0531,108.047,0.552,4,9,1,spotify:track:7i2njN7B4YlicdFhVRX4nb,2021,2021,beta,C2404
Je te laisserai des mots,Je te laisserai des mots,Patrick Watson,2010-09-10,160853,86,0.989,0.303,0.187,0.489,0.101,-16.757,0.0356,132.731,0.213,4,2,1,spotify:track:0V5cvmTKsYmF5FmGGEAfmS,2010,2021,beta,C2439
Drops of Sunrise,SUBA,Omar Sosa,2021-10-22,279000,12,0.817,0.698,0.485,0.225,0.132,-10.642,0.0471,142.94,0.381,4,5,0,spotify:track:0UsiU329tIzcodVWAfXBp0,2021,2021,beta,C2447
"Prelude, Vl 182a","Ciurlionis: Piano Works, Vol. 1",Mikalojus Konstantinas Čiurlionis,1994-04-01,130533,19,0.993,0.61,0.0204,0.856,0.0834,-25.877,0.0768,131.676,0.152,4,11,1,spotify:track:7o6S8u54GHMYY7EGh8ZMg9,1994,2021,beta,C2470
Stressed Out,Blurryface,Twenty One Pilots,2015-05-15,202333,88,0.0462,0.734,0.637,2.29e-05,0.0602,-5.677,0.141,169.977,0.648,4,4,0,spotify:track:3CRDbSIZ4r5MsZ0YwxuEkn,2015,2021,beta,C2475
Sahara,PLANET GOLD,Sofiane Pamart,2021-01-08,182173,45,0.99,0.518,0.104,0.907,0.103,-18.28,0.0384,88.682,0.185,4,6,0,spotify:track:5lYdyyBcqRq6xp0XemU9dm,2021,2021,beta,C2498
Bora Bora,PLANET GOLD,Sofiane Pamart,2021-01-08,129613,48,0.987,0.544,0.0569,0.94,0.112,-20.459,0.0784,63.96,0.168,3,0,1,spotify:track:13qeAogPyl9Tn5HAHsuOlK,2021,2021,beta,C2517
Nan Ye Li Kan,Nan Ye Li Kan,Bon Entendeur,2021-05-12,235533,26,0.018,0.697,0.877,0.203,0.281,-7.97,0.0609,123.031,0.849,4,0,1,spotify:track:1lbiDNOAfAzDhqzKtMdmDG,2021,2021,beta,C2532
L'amour comme à 16 ans,Minuit,Bon Entendeur,2021-06-25,221960,0,0.262,0.57,0.787,0.00754,0.169,-7.636,0.0389,103.028,0.331,4,0,0,spotify:track:1oHfekv3Ml9QWuYpDygjS5,2021,2021,beta,C2549
Chicago,PLANET GOLD,Sofiane Pamart,2021-01-08,255746,49,0.975,0.365,0.259,0.926,0.106,-18.798,0.0407,120.714,0.133,4,3,0,spotify:track:7s2FOZKCyFK9osz9Igf4YT,2021,2021,beta,C2626
Looks Like Me,Looks Like Me,Dean Lewis,2021-10-21,190527,62,0.548,0.769,0.724,0.0,0.161,-5.12,0.0864,110.659,0.464,5,11,1,spotify:track:6o8tRLnKNSVoBHCTfiFdBA,2021,2021,beta,C2631
"Prélude, Aria et Final: I. Prelude",Franck: Piano Works,César Franck,2006,561505,2,0.995,0.338,0.0556,0.88,0.115,-25.036,0.0412,89.528,0.0396,4,1,0,spotify:track:4XEIU20DdZy1aQp0doGXgZ,2006,2021,beta,C2794
Tu fais partie du passé,Aller-retour,Bon Entendeur,2019-12-13,169453,36,0.0638,0.7,0.729,0.00817,0.251,-6.66,0.0504,124.039,0.539,4,2,0,spotify:track:5g8IVPV9HlhiSRcnfr7qSu,2019,2021,beta,C2834
"Tango Suite, Pt. III",Di Meola Plays Piazzolla,Al Di Meola,2005-08-30,531266,14,0.775,0.582,0.367,0.712,0.146,-14.364,0.0461,128.25,0.668,4,9,0,spotify:track:0SMi63irCGe6DMRqh74pe7,2005,2021,beta,C2848
La Rua Madureira,Aller-retour,Bon Entendeur,2019-12-13,221813,59,0.534,0.74,0.674,0.00769,0.355,-7.651,0.104,101.977,0.607,4,11,0,spotify:track:2NTZ1nzUqueH7odDcjLq5s,2019,2021,beta,C2942
Ocean,PLANET GOLD,Sofiane Pamart,2021-01-08,132171,46,0.933,0.538,0.148,0.955,0.112,-22.528,0.0374,117.047,0.237,4,10,0,spotify:track:7xLOw2tMFQteA7AOU80ArY,2021,2021,beta,C2947
Strawberries & Cigarettes,Strawberries & Cigarettes,Troye Sivan,2018-03-16,201538,82,0.162,0.578,0.537,0.0,0.076,-8.676,0.0832,83.909,0.25,4,9,1,spotify:track:3afkJSKX0EAMsJXTZnDXXJ,2018,2021,beta,C2979
Heavydirtysoul,Blurryface,Twenty One Pilots,2015-05-15,234813,71,0.00397,0.613,0.873,0.00111,0.367,-6.376,0.0449,129.989,0.392,4,7,0,spotify:track:7i9763l5SSfOnqZ35VOcfy,2015,2021,beta,C3006
Hometown,Blurryface,Twenty One Pilots,2015-05-15,234946,66,0.0577,0.683,0.753,0.00208,0.357,-5.564,0.0317,120.03,0.389,4,2,0,spotify:track:40sRwFjfrRnaTdYPJIg4CP,2015,2021,beta,C3101
Tango II,Di Meola Plays Piazzolla,Al Di Meola,2005-08-30,335400,17,0.934,0.54,0.317,0.751,0.109,-10.727,0.0385,115.672,0.442,4,4,0,spotify:track:0d0Xgmk76eNdOjRcKj6SOq,2005,2021,beta,C3218
Sicilia,PLANET GOLD,Sofiane Pamart,2021-01-08,266813,46,0.974,0.324,0.109,0.913,0.115,-21.9,0.0371,68.9,0.052,4,5,0,spotify:track:7g5V9Wk2hog46vt68Y5ked,2021,2021,beta,C3282
Lane Boy,Blurryface,Twenty One Pilots,2015-05-15,253093,68,0.0573,0.616,0.811,1.57e-05,0.0566,-4.804,0.0626,159.929,0.913,4,7,1,spotify:track:2P61EK6DMGyVyssLWS4fKy,2015,2021,beta,C3320
Rattrape-moi,Rattrape-moi,Iliona,2021-01-15,209275,38,0.469,0.798,0.379,0.0265,0.151,-9.935,0.0551,119.962,0.142,4,2,1,spotify:track:46HifHk2Ycyz5hi3TsPl3k,2021,2021,beta,C3346
La Havane,PLANET GOLD,Sofiane Pamart,2021-01-08,185666,49,0.977,0.301,0.25,0.861,0.0901,-16.262,0.0358,91.069,0.157,3,10,0,spotify:track:2V8XnMnzngZDZLHCBaLj9P,2021,2021,beta,C3355
"Prelude, Choral et Fugue: I. Prelude",Franck: Piano Works,César Franck,2006,268662,2,0.994,0.334,0.0477,0.896,0.0888,-23.557,0.0419,105.714,0.0396,3,6,1,spotify:track:5ek5bmJifmv4XruTkszeee,2006,2021,beta,C3379
Respite,The Invisible EP,Ólafur Arnalds,2021-10-22,163861,45,0.994,0.4,0.0333,0.881,0.0947,-28.054,0.0389,131.254,0.239,4,8,1,spotify:track:3NJy8hN4OXIMyqbskBsL8v,2021,2021,beta,C3385
Ghosting,O My Heart,Mother Mother,2008-09-23,285986,66,0.325,0.606,0.618,0.0019,0.108,-5.1,0.0258,92.061,0.237,4,11,1,spotify:track:3vZUC1m6QVm7urnN6lcF64,2008,2021,beta,C3421
J'attends,Les femmes idéales,Ben Mazué,2018-11-09,280826,58,0.651,0.755,0.536,0.000358,0.0999,-8.677,0.0674,120.062,0.7,4,5,1,spotify:track:2EjSObddqmZPzlcoket9WV,2018,2021,beta,C3470
BAD BOY,BAD BOY,Yseult,2020-10-30,274520,48,0.948,0.354,0.265,0.182,0.108,-13.258,0.0307,85.323,0.039,4,9,0,spotify:track:2gJuY2L6eCxAfIXdXAWtm5,2020,2021,beta,C3477
"L'amour, l'amour, l'amour",Aller-retour,Bon Entendeur,2019-12-13,187360,60,0.532,0.581,0.623,0.0116,0.0919,-7.767,0.0887,98.052,0.382,4,2,0,spotify:track:6OGpURRDL26WAeouxgnfX9,2019,2021,beta,C3494
Last Tango for Astor,Di Meola Plays Piazzolla,Al Di Meola,2005-08-30,378000,14,0.896,0.336,0.235,0.0934,0.111,-14.981,0.0365,147.146,0.176,3,2,0,spotify:track:5LJTKMQuYhiOrCqRaGqOka,2005,2021,beta,C3501
El Día Que Me Quieras,El Día Que Me Quieras,Paolo Fresu,2021-10-22,239900,13,0.92,0.406,0.232,0.0,0.109,-8.232,0.0388,104.129,0.292,4,7,1,spotify:track:4SzTFpfo7oETTuBrpmqp7j,2021,2021,beta,C3524
Coup de tête,Aller-retour,Bon Entendeur,2019-12-13,233480,49,0.087,0.608,0.664,0.427,0.0474,-8.786,0.0357,107.001,0.123,4,5,1,spotify:track:70BytYu52Hnt0w8GfcOR7b,2019,2021,beta,C3525
"Seven Chances, Fiancées en folie - 1968",Bolling Story (Anthologie des bandes originales 1960-1998),Claude Bolling,2015-04-01,181146,1,0.604,0.36,0.671,0.504,0.303,-11.122,0.0328,140.775,0.919,4,0,1,spotify:track:6o4kYCSM2i40Dw6CW7aqZ9,2015,2021,beta,C3526
Fairly Local,Blurryface,Twenty One Pilots,2015-05-15,207160,64,0.0396,0.715,0.723,8.57e-05,0.084,-5.993,0.0569,114.985,0.479,4,6,0,spotify:track:1s9xuJxhYM0LdVqksjegcg,2015,2021,beta,C3634
Dusk Till Dawn (feat. Sia) - Radio Edit,Dusk Till Dawn (feat. Sia) [Radio Edit],ZAYN,2017-09-07,239000,77,0.102,0.259,0.437,1.32e-06,0.106,-6.589,0.0386,180.042,0.0951,4,11,0,spotify:track:1j4kHkkpqZRBwE0A4CN4Yv,2017,2021,beta,C3725
"Prélude, Aria et Final: II. Aria",Franck: Piano Works,César Franck,2006,317933,2,0.995,0.295,0.0228,0.907,0.109,-32.163,0.0465,96.834,0.0485,4,8,1,spotify:track:1qIkQsMCmjFUh80o9z3Znj,2006,2021,beta,C3791
"Prélude, Fugue et Variation, Op. 18: III. Fugue",Franck: Piano Works,César Franck,2006,201093,4,0.995,0.442,0.0295,0.886,0.0823,-29.334,0.054,82.114,0.102,3,11,0,spotify:track:5BzQVDteLMO8SXjlCrqbi6,2006,2021,beta,C3872
By the Sun,Out,Kimberose,2021-01-29,201148,48,0.969,0.537,0.155,0.000388,0.108,-13.861,0.0452,80.626,0.553,4,6,0,spotify:track:2pqqbCr11F3XA2OTIwq0IJ,2021,2021,beta,C3877
